[
    {
        "id": 1,
        "num": "이야기 하나",
        "title": "'밥친구' 하기 좋은 유튜버 리스트",
        "subtitle": [
            {"id": 1, "title": "여행 유튜버가 흥정에 지지 않는 택시기...", "cafe": "여행하기"},
            {"id": 2, "title": "훈수충이 없는 운동 유튜버.jpg", "cafe": "*여성시대"},
            {"id": 3, "title": "입짧은햇님 케이크 먹방 특징.gif", "cafe": "옆집언니"},
            {"id": 4, "title": "역대급 킹받는다는 침착맨 킹뚜껑 먹방.jpg", "cafe": "먹방시대"}
        ]
    },
    {
        "id": 2,
        "num": "이야기 둘",
        "title": "중고차 사기전에 필독",
        "subtitle": [
            {"id": 1, "title": "올리브영 핸드크림 판매순", "cafe": "여행하기"},
            {"id": 2, "title": "어릴때 확실히 습관 가져야하는것", "cafe": "*여성시대"},
            {"id": 3, "title": "10년 젊어지는 방법.jpg", "cafe": "옆집언니"},
            {"id": 4, "title": "치매 걸리지 않는 사람들의 16가지", "cafe": "먹방시대"}
        ]
    },
    {
        "id": 3,
        "num": "이야기 셋",
        "title": "다시는 중고차를 무시하지마라",
        "subtitle": [
            {"id": 1, "title": "한국인이 가장 선호하는 배달음식", "cafe": "여행하기"},
            {"id": 2, "title": "한국에서 가장 많이 팔린 과자 순위", "cafe": "*여성시대"},
            {"id": 3, "title": "한국인이 가장 오래 사용하는 앱 순위", "cafe": "옆집언니"},
            {"id": 4, "title": "한국인들이 사랑하는 야식 순위 9", "cafe": "먹방시대"}
        ]
    },
    {
        "id": 4,
        "num": "이야기 넷",
        "title": "매일 쓰면서 몰랐던 두뇌 설명서",
        "subtitle": [
            {"id": 1, "title": "마리 앙투아네트가 후원한 여성 화가", "cafe": "여행하기"},
            {"id": 2, "title": "훈수충이 없는 운동 유튜버.jpg", "cafe": "*여성시대"},
            {"id": 3, "title": "입짧은햇님 케이크 먹방 특징.gif", "cafe": "옆집언니"},
            {"id": 4, "title": "역대급 킹받는다는 침착맨 킹뚜껑 먹방.jpg", "cafe": "먹방시대"}
        ]
    },
    {
        "id": 5,
        "num": "이야기 다섯",
        "title": "오늘도 기상천외한 당근마켓근황",
        "subtitle": [
            {"id": 1, "title": "이름 정말 대충지은 포켓몬", "cafe": "여행하기"},
            {"id": 2, "title": "훈수충이 없는 운동 유튜버.jpg", "cafe": "*여성시대"},
            {"id": 3, "title": "입짧은햇님 케이크 먹방 특징.gif", "cafe": "옆집언니"},
            {"id": 4, "title": "역대급 킹받는다는 침착맨 킹뚜껑 먹방.jpg", "cafe": "먹방시대"}
        ]
    }
]