{
    "nav": [
        {"title": "개인", "sub": ["조회", "이체", "공과금", "예금/신탁"]},
        {"title": "기업", "sub": ["조회", "이체", "전자결재", "수표/어음"]},
        {"title": "금융상품", "sub": ["저축상품", "대출상품", "투자상품"]},
        {"title": "카드", "sub": ["카드 정보", "카드 신청", "이용내역조회"]}
    ],
    "slide_text": [
        {"main": "대한은행", "sub": "늘 곁에, 더 가까이"},
        {"main": "한번에!", "sub": "인터넷, 모바일 뱅킹까지 모두"},
        {"main": "대한 브릿지", "sub": "기업성공을 더해주는"}
    ],
    "notice": [
        {"title": "바이오인증을 활용한 「손으로 출금」", "date": "2021.05.25"},
        {"title": "「대한스타드림」 서비스 신규 오픈! ", "date": "2021.05.21"},
        {"title": "「연금의 정답! TDF」 퇴직연금 고객 이벤트", "date": "2020.07.05"},
        {"title": "「KB모바일인증서 서비스」출시 안내", "date": "2019.06.14"}
    ],
    "popup": {
        "title": "바이오인증을 활용한 「손으로 출금」",
        "date": "2021.05.25",
        "content1": "항상 대한은행을 이용해주시는 고객 여러분께 진심으로 감사드립니다.",
        "content2": "2019년 8월 1일(목)부터 영업점 창구에서 바이오인증을 활용하여 통장·인감·비밀번호 없이 빈손으로 출금이 가능한 예금지급 서비스가 전국 284개 영업점에서 시범실시 됨을 안내 드립니다."
    }
}